{
  "modpackName": "",
  "modpackHost": false,
  "generateModpackOnStart": false,
  "syncedFiles": [
    "/mods/",
    "/config/"
  ],
  "excludeSyncedFiles": [
    "/mods/iDontWantThisModInModpack.jar",
    "/config/andThisConfigToo.json",
    "/mods/andAllTheseMods-*.jar"
  ],
  "allowEditsInFiles": [
    "/options.txt"
  ],
  "optionalModpack": false,
  "autoExcludeServerSideMods": true,
  "hostThreads": 8,
  "hostIp": "",
  "hostLocalIp": "",
  "updateIpsOnEveryStart": false,
  "hostPort": ,
  "reverseProxy": false,
  "externalModpackHostLink": "",
  "selfUpdater": false,
  "acceptedLoaders": [
    "fabric"
  ]
}